<?xml version="1.0" encoding="UTF-8"?>
<package packagerversion="1.4.3" version="2.0" xmlns="http://pear.php.net/dtd/package-2.0" xmlns:tasks="http://pear.php.net/dtd/tasks-1.0" xmlns:xsi="http://www.w3.org/2001/XMLSchema-instance" xsi:schemaLocation="http://pear.php.net/dtd/tasks-1.0     http://pear.php.net/dtd/tasks-1.0.xsd     http://pear.php.net/dtd/package-2.0     http://pear.php.net/dtd/package-2.0.xsd">
 <name>PEAR_Installer_Role_Chiaramdb2schema</name>
 <channel>pear.chiaraquartet.net</channel>
 <summary>Provides the chiaramdb2schema file role for managing databases on installation</summary>
 <description>PEAR_Installer_Role_Chiaramdb2schema provides the chiaramdb2schema file role
to specify that a file is a MDB2_Schema-based database schema file.

This role works in conjunction with the PEAR_Task_Chiara_Managedb file role
(package PEAR_Task_Chiara_Managedb) to create databases used by
a package on installation, and to upgrade the database structure
automatically on upgrade.  To do this, it uses MDB2_Schema&apos;s
updateDatabase() functionality.</description>
 <lead>
  <name>Greg Beaver</name>
  <user>cellog</user>
  <email>cellog@php.net</email>
  <active>yes</active>
 </lead>
 <lead>
  <name>Greg Beaver</name>
  <user>cellog</user>
  <email>cellog@php.net</email>
  <active>yes</active>
 </lead>
 <lead>
  <name>Greg Beaver</name>
  <user>cellog</user>
  <email>cellog@php.net</email>
  <active>yes</active>
 </lead>
 <lead>
  <name>Greg Beaver</name>
  <user>cellog</user>
  <email>cellog@php.net</email>
  <active>yes</active>
 </lead>
 <lead>
  <name>Greg Beaver</name>
  <user>cellog</user>
  <email>cellog@php.net</email>
  <active>yes</active>
 </lead>
 <lead>
  <name>Greg Beaver</name>
  <user>cellog</user>
  <email>cellog@php.net</email>
  <active>yes</active>
 </lead>
 <lead>
  <name>Greg Beaver</name>
  <user>cellog</user>
  <email>cellog@php.net</email>
  <active>yes</active>
 </lead>
 <lead>
  <name>Greg Beaver</name>
  <user>cellog</user>
  <email>cellog@php.net</email>
  <active>yes</active>
 </lead>
 <lead>
  <name>Greg Beaver</name>
  <user>cellog</user>
  <email>cellog@php.net</email>
  <active>yes</active>
 </lead>
 <lead>
  <name>Greg Beaver</name>
  <user>cellog</user>
  <email>cellog@php.net</email>
  <active>yes</active>
 </lead>
 <lead>
  <name>Greg Beaver</name>
  <user>cellog</user>
  <email>cellog@php.net</email>
  <active>yes</active>
 </lead>
 <date>2005-11-02</date>
 <time>23:36:00</time>
 <version>
  <release>0.2.0</release>
  <api>0.1.0</api>
 </version>
 <stability>
  <release>alpha</release>
  <api>beta</api>
 </stability>
 <license uri="http://www.opensource.org/licenses/bsd-license.php">BSD license</license>
 <notes>implement new custom role format for PEAR 1.4.3</notes>
 <contents>
  <dir baseinstalldir="PEAR/Installer/Role" name="/">
   <file name="Chiaramdb2schema.php" role="php" />
   <file name="Chiaramdb2schema.xml" role="php" />
  </dir> <!-- / -->
 </contents>
 <dependencies>
  <required>
   <php>
    <min>4.2.0</min>
   </php>
   <pearinstaller>
    <min>1.4.3</min>
   </pearinstaller>
   <package>
    <name>PEAR</name>
    <channel>pear.php.net</channel>
    <min>1.4.3</min>
   </package>
   <package>
    <name>MDB2_Schema</name>
    <channel>pear.php.net</channel>
    <min>0.3.0</min>
   </package>
  </required>
 </dependencies>
 <phprelease />
 <changelog>
  <release>
   <version>
    <release>0.1.0</release>
    <api>0.1.0</api>
   </version>
   <stability>
    <release>alpha</release>
    <api>beta</api>
   </stability>
   <date>2005-10-31</date>
   <license>BSD license</license>
   <notes>initial release</notes>
  </release>
  <release>
   <version>
    <release>0.2.0</release>
    <api>0.1.0</api>
   </version>
   <stability>
    <release>alpha</release>
    <api>beta</api>
   </stability>
   <date>2005-11-02</date>
   <license>BSD license</license>
   <notes>implement new custom role format for PEAR 1.4.3</notes>
  </release>
 </changelog>
</package>
